{"i":200,"val_loss_history":[2.2593298490231],"opt":{"checkpoint_every":200,"reset_iterations":1,"lr_decay_every":5,"wordvec_size":64,"max_epochs":50,"speed_benchmark":0,"memory_benchmark":0,"grad_clip":5,"rnn_size":128,"model_type":"lstm","num_layers":2,"lr_decay_factor":0.5,"init_from":"","learning_rate":0.002,"gpu":-1,"print_every":500,"batch_size":50,"checkpoint_name":"checkVerne\/checkpoint","dropout":0,"seq_length":50,"gpu_backend":"cuda","input_h5":"vernedata\/MERGED.h5","input_json":"vernedata\/MERGED.json","batchnorm":0},"forward_backward_times":{},"val_loss_history_it":[200],"memory_usage":{},"train_loss_history":[4.6400456428528,4.5286736488342,4.3540387153625,4.0948386192322,3.8299057483673,3.6412692070007,3.4980988502502,3.3878135681152,3.306937456131,3.2701108455658,3.2830746173859,3.3203222751617,3.2307074069977,3.3040816783905,3.3521723747253,3.2549421787262,3.2196645736694,3.21049451828,3.309737443924,3.2989218235016,3.2357206344604,3.1863877773285,3.2246603965759,3.1979787349701,3.1671257019043,3.2603409290314,3.1734890937805,3.2119002342224,3.1988337039948,3.239976644516,3.173889875412,3.1820850372314,3.1611852645874,3.2269632816315,3.1580362319946,3.1434781551361,3.1658990383148,3.1234827041626,3.1403341293335,3.116192817688,3.1447002887726,3.1965961456299,3.1334555149078,3.1415476799011,3.1533527374268,3.0912909507751,3.1182398796082,3.0722382068634,3.0714712142944,3.0835070610046,3.0170607566833,3.0255315303802,2.9742476940155,3.0636119842529,3.0290169715881,3.0082123279572,3.0336322784424,2.9900794029236,2.9367692470551,3.0032136440277,2.9639830589294,2.9563753604889,2.9808349609375,2.9320018291473,2.9391393661499,2.8920423984528,2.8794193267822,2.8949558734894,2.8666250705719,2.90016746521,2.8360450267792,2.8342490196228,2.8080463409424,2.8118629455566,2.8113815784454,2.7630949020386,2.7449600696564,2.8335237503052,2.7835114002228,2.7604608535767,2.7347457408905,2.7901659011841,2.6789798736572,2.6703410148621,2.6946663856506,2.6121077537537,2.7136700153351,2.5866916179657,2.5968174934387,2.5823588371277,2.6041567325592,2.5932309627533,2.6303770542145,2.5982291698456,2.6064183712006,2.5272741317749,2.5383682250977,2.5012679100037,2.5832052230835,2.5613622665405,2.5288569927216,2.4989416599274,2.5733058452606,2.5324716567993,2.5600748062134,2.5244243144989,2.532233953476,2.4810140132904,2.4901247024536,2.4366753101349,2.4396686553955,2.5059266090393,2.4602560997009,2.4288346767426,2.4467747211456,2.4234080314636,2.4565160274506,2.3576407432556,2.4093964099884,2.4530892372131,2.3703799247742,2.3990440368652,2.3808524608612,2.3938686847687,2.3790445327759,2.3559274673462,2.3424828052521,2.3935866355896,2.4526016712189,2.4864733219147,2.3449313640594,2.3391129970551,2.3947587013245,2.3822338581085,2.3573532104492,2.2960603237152,2.3380732536316,2.3779442310333,2.3367211818695,2.3853716850281,2.3490352630615,2.3074321746826,2.3430211544037,2.3836343288422,2.3329994678497,2.4389533996582,2.3701372146606,2.3318827152252,2.2732577323914,2.3777496814728,2.2895536422729,2.3261702060699,2.285505771637,2.3182821273804,2.2656342983246,2.2651839256287,2.2334356307983,2.2775995731354,2.2860221862793,2.2732894420624,2.259614944458,2.2487087249756,2.2687950134277,2.2621521949768,2.2799909114838,2.2462310791016,2.2751548290253,2.2458217144012,2.3160824775696,2.224452495575,2.2452073097229,2.2437059879303,2.2235617637634,2.2202467918396,2.2009563446045,2.2223229408264,2.2213881015778,2.1763021945953,2.2085192203522,2.2136051654816,2.2337412834167,2.258759021759,2.2103326320648,2.2645394802094,2.1924026012421,2.2043550014496,2.2774965763092,2.1745190620422,2.1550507545471,2.1837220191956,2.2102954387665,2.1457576751709,2.2296824455261,2.1771037578583,2.2273745536804,2.209588766098,2.1877470016479,2.2055659294128,2.2439539432526,2.1263055801392]}