{"i":800,"val_loss_history":[2.2593298490231,2.0095601210227,1.8800269851318,1.8078673481941],"opt":{"checkpoint_every":200,"reset_iterations":1,"lr_decay_every":5,"wordvec_size":64,"max_epochs":50,"speed_benchmark":0,"memory_benchmark":0,"grad_clip":5,"rnn_size":128,"model_type":"lstm","num_layers":2,"lr_decay_factor":0.5,"init_from":"","learning_rate":0.002,"gpu":-1,"print_every":500,"batch_size":50,"checkpoint_name":"checkVerne\/checkpoint","dropout":0,"seq_length":50,"gpu_backend":"cuda","input_h5":"vernedata\/MERGED.h5","input_json":"vernedata\/MERGED.json","batchnorm":0},"forward_backward_times":{},"val_loss_history_it":[200,400,600,800],"memory_usage":{},"train_loss_history":[4.6400456428528,4.5286736488342,4.3540387153625,4.0948386192322,3.8299057483673,3.6412692070007,3.4980988502502,3.3878135681152,3.306937456131,3.2701108455658,3.2830746173859,3.3203222751617,3.2307074069977,3.3040816783905,3.3521723747253,3.2549421787262,3.2196645736694,3.21049451828,3.309737443924,3.2989218235016,3.2357206344604,3.1863877773285,3.2246603965759,3.1979787349701,3.1671257019043,3.2603409290314,3.1734890937805,3.2119002342224,3.1988337039948,3.239976644516,3.173889875412,3.1820850372314,3.1611852645874,3.2269632816315,3.1580362319946,3.1434781551361,3.1658990383148,3.1234827041626,3.1403341293335,3.116192817688,3.1447002887726,3.1965961456299,3.1334555149078,3.1415476799011,3.1533527374268,3.0912909507751,3.1182398796082,3.0722382068634,3.0714712142944,3.0835070610046,3.0170607566833,3.0255315303802,2.9742476940155,3.0636119842529,3.0290169715881,3.0082123279572,3.0336322784424,2.9900794029236,2.9367692470551,3.0032136440277,2.9639830589294,2.9563753604889,2.9808349609375,2.9320018291473,2.9391393661499,2.8920423984528,2.8794193267822,2.8949558734894,2.8666250705719,2.90016746521,2.8360450267792,2.8342490196228,2.8080463409424,2.8118629455566,2.8113815784454,2.7630949020386,2.7449600696564,2.8335237503052,2.7835114002228,2.7604608535767,2.7347457408905,2.7901659011841,2.6789798736572,2.6703410148621,2.6946663856506,2.6121077537537,2.7136700153351,2.5866916179657,2.5968174934387,2.5823588371277,2.6041567325592,2.5932309627533,2.6303770542145,2.5982291698456,2.6064183712006,2.5272741317749,2.5383682250977,2.5012679100037,2.5832052230835,2.5613622665405,2.5288569927216,2.4989416599274,2.5733058452606,2.5324716567993,2.5600748062134,2.5244243144989,2.532233953476,2.4810140132904,2.4901247024536,2.4366753101349,2.4396686553955,2.5059266090393,2.4602560997009,2.4288346767426,2.4467747211456,2.4234080314636,2.4565160274506,2.3576407432556,2.4093964099884,2.4530892372131,2.3703799247742,2.3990440368652,2.3808524608612,2.3938686847687,2.3790445327759,2.3559274673462,2.3424828052521,2.3935866355896,2.4526016712189,2.4864733219147,2.3449313640594,2.3391129970551,2.3947587013245,2.3822338581085,2.3573532104492,2.2960603237152,2.3380732536316,2.3779442310333,2.3367211818695,2.3853716850281,2.3490352630615,2.3074321746826,2.3430211544037,2.3836343288422,2.3329994678497,2.4389533996582,2.3701372146606,2.3318827152252,2.2732577323914,2.3777496814728,2.2895536422729,2.3261702060699,2.285505771637,2.3182821273804,2.2656342983246,2.2651839256287,2.2334356307983,2.2775995731354,2.2860221862793,2.2732894420624,2.259614944458,2.2487087249756,2.2687950134277,2.2621521949768,2.2799909114838,2.2462310791016,2.2751548290253,2.2458217144012,2.3160824775696,2.224452495575,2.2452073097229,2.2437059879303,2.2235617637634,2.2202467918396,2.2009563446045,2.2223229408264,2.2213881015778,2.1763021945953,2.2085192203522,2.2136051654816,2.2337412834167,2.258759021759,2.2103326320648,2.2645394802094,2.1924026012421,2.2043550014496,2.2774965763092,2.1745190620422,2.1550507545471,2.1837220191956,2.2102954387665,2.1457576751709,2.2296824455261,2.1771037578583,2.2273745536804,2.209588766098,2.1877470016479,2.2055659294128,2.2439539432526,2.1263055801392,2.2303564548492,2.2217185497284,2.1981110572815,2.1769237518311,2.181432723999,2.1279702186584,2.165787935257,2.1850833892822,2.1642999649048,2.1885557174683,2.1967523097992,2.1908800601959,2.1838760375977,2.1291060447693,2.1338603496552,2.1671686172485,2.1740915775299,2.1178040504456,2.205171585083,2.127947807312,2.1045739650726,2.1458115577698,2.1066062450409,2.1064298152924,2.1522772312164,2.1777348518372,2.0903844833374,2.0577359199524,2.1089293956757,2.1181519031525,2.1053140163422,2.1733038425446,2.2091362476349,2.1275341510773,2.1356816291809,2.1441538333893,2.1697371006012,2.0671503543854,2.1444492340088,2.1167306900024,2.0818927288055,2.1282939910889,2.1341466903687,2.1096246242523,2.1614174842834,2.1579833030701,2.1678447723389,2.1217749118805,2.1111662387848,2.10910820961,2.1180458068848,2.0873703956604,2.0845427513123,2.0963492393494,2.0914006233215,2.0785162448883,2.0688812732697,2.1549217700958,2.0920352935791,2.073807477951,2.1273248195648,2.1580481529236,2.1381011009216,2.1108069419861,2.0845046043396,2.1136264801025,2.0836007595062,2.1625559329987,2.0814361572266,2.1552686691284,2.062567949295,2.0533862113953,2.072678565979,2.0633840560913,2.1036326885223,2.1357469558716,2.1648464202881,2.0321493148804,2.0714473724365,2.0314748287201,2.0513639450073,2.0795624256134,2.065710067749,2.0187599658966,2.0629551410675,2.0603876113892,2.0603454113007,2.0897469520569,2.0551536083221,2.0594959259033,2.0470666885376,2.0866363048553,2.1160922050476,2.0406005382538,2.0419235229492,1.9828994274139,2.0975410938263,2.104770898819,2.0750687122345,2.0455927848816,2.0480422973633,2.059140920639,2.083146572113,2.1050505638123,2.0380873680115,2.0768880844116,2.0517346858978,1.9948155879974,2.0435514450073,2.0538592338562,2.0354473590851,2.0343461036682,2.0418133735657,2.0101823806763,2.0263514518738,2.0648798942566,2.0064034461975,1.9984980821609,2.0368950366974,2.0214016437531,1.9730252027512,2.0502820014954,2.0156626701355,2.0002024173737,2.0265061855316,1.9927937984467,2.0502276420593,2.0836141109467,2.0144321918488,2.0152788162231,2.0056655406952,2.0175359249115,2.0647404193878,2.0041615962982,2.0432646274567,2.0093054771423,2.0677812099457,1.9724885225296,2.0665776729584,1.9824947118759,1.9801970720291,2.0077471733093,1.9725695848465,1.9703053236008,1.9921541213989,1.9931269884109,1.979752779007,1.9772275686264,2.0016512870789,2.0010938644409,1.9776256084442,1.9955816268921,2.0448155403137,1.9008609056473,1.9511519670486,2.0025312900543,1.932209610939,1.9733179807663,1.9875230789185,1.9259341955185,1.932022690773,1.9898271560669,1.9530255794525,1.8794765472412,1.9838968515396,1.9381002187729,1.9563068151474,2.0224003791809,1.9836021661758,1.9815357923508,1.9777770042419,1.9436767101288,1.9774050712585,1.9443064928055,1.9730579853058,1.9585144519806,1.942112326622,2.019994020462,1.9374752044678,1.9908564090729,1.9424804449081,1.9471765756607,1.9694447517395,1.9643357992172,1.9569002389908,1.9735327959061,1.9874773025513,1.9405275583267,2.0128848552704,1.9681533575058,1.9090913534164,1.8899782896042,1.9903724193573,1.9045400619507,1.9610415697098,1.9521291255951,1.9286830425262,1.8837233781815,1.9242144823074,1.9527199268341,2.0022616386414,1.9403721094131,1.9617700576782,1.9374519586563,1.9855537414551,1.9065840244293,1.9467113018036,1.9605165719986,1.9690359830856,1.9612501859665,1.9275147914886,1.9090650081635,1.9927529096603,1.9483523368835,1.9491527080536,1.9952009916306,1.9062396287918,1.9839986562729,1.8683613538742,1.9565019607544,1.9670051336288,1.882781624794,1.9724863767624,1.9472188949585,1.9786643981934,1.9375544786453,1.8779764175415,1.9084415435791,1.9304591417313,1.9740775823593,1.9145840406418,1.9488654136658,1.971644282341,1.9273694753647,1.8745087385178,1.864578962326,1.8726460933685,1.9813868999481,1.972823381424,1.9179949760437,1.8922832012177,1.9121519327164,1.8683054447174,1.9100712537766,1.9209220409393,1.9467179775238,1.866935968399,1.8932529687881,1.8673043251038,1.8897814750671,1.9177616834641,1.9363270998001,1.9067741632462,1.9227800369263,1.8517937660217,1.9427896738052,1.8959492444992,1.8936018943787,1.9056808948517,