{"opt":{"reset_iterations":1,"gpu":-1,"init_from":"","input_h5":"pythondata\/pythontext.h5","batchnorm":0,"print_every":100,"input_json":"pythondata\/pythontext.json","speed_benchmark":0,"lr_decay_factor":0.5,"learning_rate":0.002,"lr_decay_every":5,"batch_size":50,"rnn_size":128,"wordvec_size":64,"seq_length":50,"max_epochs":50,"model_type":"lstm","checkpoint_every":200,"num_layers":2,"checkpoint_name":"checkPython\/checkpoint","gpu_backend":"cuda","grad_clip":5,"dropout":0,"memory_benchmark":0},"val_loss_history_it":[200],"memory_usage":{},"forward_backward_times":{},"i":200,"train_loss_history":[5.0985569953918,4.9601669311523,4.7935976982117,4.5379295349121,4.1986603736877,3.9571902751923,3.8359932899475,3.6236250400543,3.4937918186188,3.3800518512726,3.3925507068634,3.2763891220093,3.3590762615204,3.2384979724884,3.1947333812714,3.3022832870483,3.2935836315155,3.3183944225311,3.3783905506134,3.1641840934753,3.2217943668365,3.1550786495209,3.2813196182251,3.3028824329376,3.2599425315857,3.2592241764069,3.1920323371887,3.0887672901154,3.1342566013336,2.9541702270508,3.1669292449951,3.2090218067169,2.9486591815948,3.1321849822998,2.9939448833466,3.0683026313782,3.2088944911957,3.1497566699982,3.1203753948212,3.1757683753967,3.2167811393738,3.1654555797577,3.1717295646667,3.2301998138428,3.1452836990356,3.1021318435669,3.1424639225006,3.2126207351685,3.0763621330261,3.0530664920807,3.0544488430023,2.9488201141357,3.1434161663055,3.1162707805634,3.1022183895111,3.1236481666565,3.1107928752899,2.990953207016,3.0747087001801,3.0973694324493,3.0432515144348,3.0608139038086,2.9637143611908,2.8276298046112,2.8996081352234,3.0772721767426,2.9879274368286,2.93128657341,2.9454128742218,2.9056568145752,3.0740852355957,3.0977876186371,2.9622387886047,2.8653838634491,2.8327858448029,3.0086686611176,2.878990650177,2.9044830799103,2.9247462749481,2.8343224525452,2.9416153430939,2.9574189186096,2.8519234657288,2.951681137085,2.8708412647247,2.8264317512512,2.9181568622589,3.0578844547272,2.8472623825073,2.952075958252,2.9399769306183,2.9072661399841,2.8655424118042,2.8971905708313,2.8897235393524,2.8655023574829,2.8851780891418,2.8767182826996,2.8401567935944,2.8333206176758,2.7262585163116,2.7190845012665,2.749011516571,2.7386193275452,2.7238128185272,2.8282206058502,2.7559938430786,2.8562417030334,2.7966682910919,2.6462976932526,2.7162625789642,2.7424547672272,2.6948754787445,2.7196519374847,2.6199758052826,2.7236382961273,2.7714343070984,2.6447932720184,2.548974275589,2.6752307415009,2.5468664169312,2.6889753341675,2.6176719665527,2.6116051673889,2.6300485134125,2.6011791229248,2.4889526367188,2.4449546337128,2.5995743274689,2.6431317329407,2.5621385574341,2.5074830055237,2.5519671440125,2.5424687862396,2.5613069534302,2.5330018997192,2.5466594696045,2.6268527507782,2.501638174057,2.5474503040314,2.6357202529907,2.507889509201,2.4929327964783,2.409129858017,2.4262058734894,2.6202187538147,2.586877822876,2.5692586898804,2.4752099514008,2.4500126838684,2.4480776786804,2.4340867996216,2.6534469127655,2.5815870761871,2.4977445602417,2.4373579025269,2.4848005771637,2.5664255619049,2.5465903282166,2.4756140708923,2.380930185318,2.5058698654175,2.5337398052216,2.5519766807556,2.51345038414,2.4916951656342,2.4531610012054,2.4207282066345,2.357132434845,2.3870148658752,2.3948998451233,2.3824439048767,2.3530452251434,2.3540160655975,2.3655471801758,2.3284480571747,2.3473777770996,2.2203023433685,2.3436286449432,2.4585599899292,2.4260416030884,2.3615310192108,2.4229140281677,2.2371389865875,2.3389098644257,2.4336802959442,2.4487812519073,2.3502359390259,2.2974705696106,2.2748427391052,2.3445045948029,2.3716719150543,2.4287827014923,2.3400280475616,2.3982834815979,2.384037733078,2.3114268779755,2.3430364131927,2.2903769016266,2.3629634380341],"val_loss_history":[2.4232799330754]}