{"opt":{"reset_iterations":1,"gpu":-1,"init_from":"","input_h5":"pythondata\/pythontext.h5","batchnorm":0,"print_every":100,"input_json":"pythondata\/pythontext.json","speed_benchmark":0,"lr_decay_factor":0.5,"learning_rate":0.002,"lr_decay_every":5,"batch_size":50,"rnn_size":128,"wordvec_size":64,"seq_length":50,"max_epochs":50,"model_type":"lstm","checkpoint_every":200,"num_layers":2,"checkpoint_name":"checkPython\/checkpoint","gpu_backend":"cuda","grad_clip":5,"dropout":0,"memory_benchmark":0},"val_loss_history_it":[200,400],"memory_usage":{},"forward_backward_times":{},"i":400,"train_loss_history":[5.0985569953918,4.9601669311523,4.7935976982117,4.5379295349121,4.1986603736877,3.9571902751923,3.8359932899475,3.6236250400543,3.4937918186188,3.3800518512726,3.3925507068634,3.2763891220093,3.3590762615204,3.2384979724884,3.1947333812714,3.3022832870483,3.2935836315155,3.3183944225311,3.3783905506134,3.1641840934753,3.2217943668365,3.1550786495209,3.2813196182251,3.3028824329376,3.2599425315857,3.2592241764069,3.1920323371887,3.0887672901154,3.1342566013336,2.9541702270508,3.1669292449951,3.2090218067169,2.9486591815948,3.1321849822998,2.9939448833466,3.0683026313782,3.2088944911957,3.1497566699982,3.1203753948212,3.1757683753967,3.2167811393738,3.1654555797577,3.1717295646667,3.2301998138428,3.1452836990356,3.1021318435669,3.1424639225006,3.2126207351685,3.0763621330261,3.0530664920807,3.0544488430023,2.9488201141357,3.1434161663055,3.1162707805634,3.1022183895111,3.1236481666565,3.1107928752899,2.990953207016,3.0747087001801,3.0973694324493,3.0432515144348,3.0608139038086,2.9637143611908,2.8276298046112,2.8996081352234,3.0772721767426,2.9879274368286,2.93128657341,2.9454128742218,2.9056568145752,3.0740852355957,3.0977876186371,2.9622387886047,2.8653838634491,2.8327858448029,3.0086686611176,2.878990650177,2.9044830799103,2.9247462749481,2.8343224525452,2.9416153430939,2.9574189186096,2.8519234657288,2.951681137085,2.8708412647247,2.8264317512512,2.9181568622589,3.0578844547272,2.8472623825073,2.952075958252,2.9399769306183,2.9072661399841,2.8655424118042,2.8971905708313,2.8897235393524,2.8655023574829,2.8851780891418,2.8767182826996,2.8401567935944,2.8333206176758,2.7262585163116,2.7190845012665,2.749011516571,2.7386193275452,2.7238128185272,2.8282206058502,2.7559938430786,2.8562417030334,2.7966682910919,2.6462976932526,2.7162625789642,2.7424547672272,2.6948754787445,2.7196519374847,2.6199758052826,2.7236382961273,2.7714343070984,2.6447932720184,2.548974275589,2.6752307415009,2.5468664169312,2.6889753341675,2.6176719665527,2.6116051673889,2.6300485134125,2.6011791229248,2.4889526367188,2.4449546337128,2.5995743274689,2.6431317329407,2.5621385574341,2.5074830055237,2.5519671440125,2.5424687862396,2.5613069534302,2.5330018997192,2.5466594696045,2.6268527507782,2.501638174057,2.5474503040314,2.6357202529907,2.507889509201,2.4929327964783,2.409129858017,2.4262058734894,2.6202187538147,2.586877822876,2.5692586898804,2.4752099514008,2.4500126838684,2.4480776786804,2.4340867996216,2.6534469127655,2.5815870761871,2.4977445602417,2.4373579025269,2.4848005771637,2.5664255619049,2.5465903282166,2.4756140708923,2.380930185318,2.5058698654175,2.5337398052216,2.5519766807556,2.51345038414,2.4916951656342,2.4531610012054,2.4207282066345,2.357132434845,2.3870148658752,2.3948998451233,2.3824439048767,2.3530452251434,2.3540160655975,2.3655471801758,2.3284480571747,2.3473777770996,2.2203023433685,2.3436286449432,2.4585599899292,2.4260416030884,2.3615310192108,2.4229140281677,2.2371389865875,2.3389098644257,2.4336802959442,2.4487812519073,2.3502359390259,2.2974705696106,2.2748427391052,2.3445045948029,2.3716719150543,2.4287827014923,2.3400280475616,2.3982834815979,2.384037733078,2.3114268779755,2.3430364131927,2.2903769016266,2.3629634380341,2.51802110672,2.355384349823,2.2886180877686,2.2937514781952,2.2823956012726,2.2025897502899,2.3554437160492,2.380836725235,2.3887448310852,2.2399637699127,2.4334540367126,2.3774251937866,2.2137825489044,2.2940292358398,2.2679996490479,2.3193082809448,2.2596907615662,2.2919409275055,2.3103246688843,2.2983934879303,2.3205289840698,2.220187664032,2.2312791347504,2.0739064216614,2.1053867340088,2.1552999019623,2.2251672744751,2.1905314922333,2.3493950366974,2.2322249412537,2.1747133731842,2.2229669094086,2.2279596328735,2.3527464866638,2.2019383907318,2.1560754776001,2.3102660179138,2.1960821151733,2.1735007762909,2.2164711952209,2.1408467292786,2.0975165367126,2.1653726100922,2.1505706310272,2.2616448402405,2.2365972995758,2.1777944564819,2.172824382782,2.1104388237,2.1024835109711,2.2084484100342,2.1704156398773,2.0487990379333,2.1637904644012,2.1044971942902,2.0819756984711,2.1474351882935,2.3031177520752,2.2521860599518,2.2567324638367,2.1070902347565,2.1426792144775,2.1262867450714,2.2160663604736,2.2140688896179,2.0081386566162,2.1568534374237,2.1447596549988,2.2010595798492,2.0875689983368,2.1456792354584,2.1706666946411,2.0056438446045,2.0868508815765,2.2121195793152,2.1903719902039,2.0501725673676,1.9533413648605,2.0700213909149,2.0270464420319,2.1566021442413,2.1191017627716,2.1484088897705,2.0969851016998,2.1387326717377,2.165256023407,2.1404688358307,2.0648858547211,2.0987420082092,2.1359922885895,2.1014897823334,2.0841965675354,2.1762135028839,2.0397622585297,2.043464422226,2.0561974048615,2.1063854694366,2.1306600570679,2.0742361545563,2.1341090202332,2.0360753536224,2.0696969032288,2.0555868148804,2.1379067897797,2.1633598804474,2.1195876598358,2.0581438541412,2.0320847034454,2.086817741394,2.0397410392761,2.0676054954529,2.0459218025208,2.0997085571289,2.0830447673798,2.022935628891,1.9624236822128,1.9642413854599,1.9877549409866,1.9521740674973,1.9217443466187,1.9964658021927,1.9143183231354,1.8964589834213,2.0027077198029,1.9438632726669,1.9435286521912,1.9408586025238,1.9631744623184,2.0142590999603,2.0558006763458,1.9830492734909,1.9024486541748,2.0857772827148,2.0546119213104,1.8762999773026,2.0132987499237,2.0468769073486,1.967570066452,1.9941017627716,1.9983607530594,2.0769546031952,1.9857006072998,2.0145211219788,1.8985222578049,1.7975080013275,1.8615202903748,1.8849855661392,2.0214042663574,1.9127984046936,2.0499639511108,2.0122625827789,1.9322372674942,2.0805237293243,1.9239217042923,2.0354387760162,2.0859227180481,1.9755988121033,1.9373700618744,1.9645626544952,1.8314460515976,1.9811925888062,1.8826528787613,1.8314083814621,1.9507738351822,1.9351717233658,1.9543730020523,1.9076330661774,1.9428117275238,1.8557088375092,1.9120583534241,1.9406232833862,1.9875522851944,1.8355964422226,1.9035711288452,1.7916812896729,1.7669154405594,1.8937476873398,1.9671466350555,1.9344761371613,1.8647689819336,1.7702955007553,1.9900811910629,1.9740513563156,1.8736343383789,1.9242062568665,1.9470757246017,1.8631708621979,1.9156732559204,1.936111330986,1.8947200775146,1.8410066366196,1.9703302383423,1.9573738574982,2.0234251022339,1.863501906395,1.7875336408615,1.9202398061752,1.9358253479004,1.9523146152496,2.015127658844],"val_loss_history":[2.4232799330754,2.0672087847297]}