{"val_loss_history":[1.7141633602706],"val_loss_history_it":[1000],"opt":{"input_json":"data\/tiny_shakespeare.json","dropout":0,"seq_length":50,"checkpoint_every":1000,"model_type":"lstm","gpu_backend":"cuda","input_h5":"data\/tiny_shakespeare.h5","reset_iterations":1,"rnn_size":128,"wordvec_size":64,"learning_rate":0.002,"lr_decay_factor":0.5,"batch_size":50,"num_layers":2,"print_every":1,"grad_clip":5,"speed_benchmark":0,"gpu":-1,"checkpoint_name":"cv\/checkpoint","max_epochs":50,"init_from":"","lr_decay_every":5,"memory_benchmark":0,"batchnorm":0},"i":1000,"train_loss_history":[4.174656867981,4.0834941864014,3.9431493282318,3.7837777137756,3.6203186511993,3.5242946147919,3.4544429779053,3.4483075141907,3.3720452785492,3.398672580719,3.3869819641113,3.3184118270874,3.3915708065033,3.3181028366089,3.3313183784485,3.311096906662,3.2893183231354,3.2985155582428,3.2653298377991,3.2963149547577,3.2808456420898,3.3278284072876,3.3022511005402,3.2869226932526,3.3222777843475,3.2549016475677,3.2921385765076,3.2615377902985,3.2064924240112,3.2508327960968,3.18816614151,3.2083375453949,3.1294732093811,3.1710436344147,3.1351406574249,3.1798892021179,3.1450066566467,3.1507475376129,3.1007235050201,3.0519783496857,3.0275363922119,3.0138027667999,3.0496647357941,3.0085077285767,3.0273387432098,2.9969666004181,2.9681704044342,2.9733989238739,2.9660189151764,2.9123294353485,2.8738722801208,2.877875328064,2.8950407505035,2.8692727088928,2.7838697433472,2.8124356269836,2.7844758033752,2.8117032051086,2.7992134094238,2.7770643234253,2.7770340442657,2.7390074729919,2.7219789028168,2.7424807548523,2.6892726421356,2.6998090744019,2.7031207084656,2.6980073451996,2.6719703674316,2.6894991397858,2.683851480484,2.6038429737091,2.597464799881,2.6155498027802,2.5875358581543,2.5551567077637,2.6002421379089,2.5406899452209,2.62340092659,2.5598030090332,2.563615322113,2.5435230731964,2.5383856296539,2.5333216190338,2.5639815330505,2.5752170085907,2.4925310611725,2.5535891056061,2.4924249649048,2.4901924133301,2.4830851554871,2.5000681877136,2.4365696907043,2.4581179618835,2.4828479290009,2.4829320907593,2.4925599098206,2.3923847675323,2.4356427192688,2.4390497207642,2.4347338676453,2.4213242530823,2.3721015453339,2.4250781536102,2.3869619369507,2.4218938350677,2.4328629970551,2.332314491272,2.3288760185242,2.3631539344788,2.3691430091858,2.4360189437866,2.4276576042175,2.3534243106842,2.3898119926453,2.3536746501923,2.4315538406372,2.3283483982086,2.3430237770081,2.3336186408997,2.3263649940491,2.3144633769989,2.3318166732788,2.3321447372437,2.3488523960114,2.3101544380188,2.3206593990326,2.315304517746,2.2962911128998,2.2880744934082,2.2967555522919,2.2963109016418,2.3115859031677,2.2795720100403,2.2828238010406,2.3035905361176,2.2983345985413,2.2777345180511,2.2835655212402,2.2643594741821,2.279755115509,2.2827520370483,2.3474190235138,2.2993659973145,2.2140729427338,2.2757091522217,2.229127407074,2.2787313461304,2.2780001163483,2.2620949745178,2.236700296402,2.2458524703979,2.2349803447723,2.2478222846985,2.2276256084442,2.2458927631378,2.2169950008392,2.2189180850983,2.2427272796631,2.2421526908875,2.2365012168884,2.2428150177002,2.2220771312714,2.2347111701965,2.1626226902008,2.2002880573273,2.1767201423645,2.1942641735077,2.1876397132874,2.1669855117798,2.2061457633972,2.1639285087585,2.2227761745453,2.2008838653564,2.2173938751221,2.2096753120422,2.1702847480774,2.1662254333496,2.2004809379578,2.1635918617249,2.1680154800415,2.1907293796539,2.1447811126709,2.1677961349487,2.1244161128998,2.1333088874817,2.1316714286804,2.1588740348816,2.12930560112,2.1765670776367,2.167106628418,2.1533496379852,2.1700215339661,2.0932621955872,2.1366360187531,2.1310353279114,2.1363308429718,2.1181297302246,2.0660622119904,2.1213622093201,2.0837969779968,2.0929491519928,2.0729079246521,2.1906213760376,2.0877459049225,2.1471891403198,2.1561560630798,2.0703790187836,2.1099460124969,2.1284172534943,2.1267709732056,2.0674350261688,2.0669603347778,2.0642178058624,2.1246755123138,2.1474070549011,2.0934026241302,2.075718164444,2.1416380405426,2.1538455486298,2.1135478019714,2.0345091819763,2.0935020446777,2.060328245163,2.0753664970398,2.0734436511993,2.1480646133423,2.0981848239899,2.0589053630829,2.0674865245819,2.0553393363953,2.0789086818695,2.0219128131866,2.0673875808716,2.0646071434021,2.0464150905609,2.0575258731842,2.0442988872528,2.019846200943,2.0683531761169,2.0336997509003,2.0223488807678,2.0566358566284,2.0126574039459,2.0919358730316,2.0274479389191,2.0585629940033,2.0283598899841,2.0525081157684,2.0620899200439,2.1092572212219,2.0726339817047,2.0522017478943,2.0324759483337,2.0492718219757,2.0422115325928,2.0261607170105,2.0523512363434,2.0280699729919,2.0345461368561,2.0179738998413,2.0625989437103,2.0588870048523,1.9824464321136,2.0518131256104,2.0083055496216,2.0012986660004,2.025381565094,2.0101361274719,2.0261075496674,2.0118103027344,2.0181834697723,2.0389459133148,2.0082561969757,2.0396418571472,2.0216119289398,2.0147678852081,2.010059595108,1.9965156316757,2.0002446174622,1.975680232048,1.989421248436,1.9793297052383,2.0175755023956,1.9804916381836,2.0098848342896,1.9981060028076,1.98796916008,1.9886425733566,1.9954681396484,2.0127046108246,1.9569110870361,1.9374948740005,1.9712834358215,1.9932291507721,1.9474170207977,1.980152130127,1.9308203458786,2.0442018508911,1.9715081453323,1.9987527132034,1.9887597560883,1.9582148790359,1.9442486763,2.012660741806,2.0002810955048,1.9985456466675,2.0009667873383,1.9700382947922,1.9647048711777,1.9606773853302,1.9461424350739,1.9514346122742,1.922886133194,1.9237642288208,1.9525635242462,1.9809864759445,1.9637334346771,1.9651080369949,1.9808444976807,1.949217915535,1.9872845411301,1.9709968566895,1.9115045070648,1.9620535373688,1.9598623514175,1.9466987848282,1.92653632164,1.9253767728806,1.927790760994,1.9707486629486,1.9656753540039,1.9935480356216,1.9581879377365,1.9289703369141,1.9640748500824,1.9318181276321,1.9899343252182,1.901549577713,1.9265574216843,1.9523249864578,1.9175568819046,1.87901699543,1.9842213392258,1.9120857715607,1.9966214895248,1.9208128452301,1.9357546567917,1.9265828132629,1.9081064462662,1.9159359931946,1.8949604034424,1.9069784879684,1.9562966823578,1.9103049039841,1.9890332221985,1.9811652898788,1.8622691631317,1.9114809036255,1.8793779611588,1.9585245847702,1.8858128786087,1.9359409809113,1.8810677528381,1.9121894836426,1.9099111557007,1.8857039213181,1.8682534694672,1.8844969272614,1.892706990242,1.9472742080688,1.9494597911835,1.9004197120667,1.8869923353195,1.8925988674164,1.8979722261429,1.8694107532501,1.8835635185242,1.8518449068069,1.8411681652069,1.9102581739426,1.8409723043442,1.8389050960541,1.8345394134521,1.8512624502182,1.8675978183746,1.8850220441818,1.9122506380081,1.8793812990189,1.895348072052,1.8429967164993,1.9000769853592,1.9232230186462,1.8925297260284,1.8556009531021,1.8647809028625,1.8622082471848,1.8110415935516,1.8237087726593,1.8385496139526,1.8428310155869,1.8983950614929,1.902080655098,1.8943773508072,1.8487054109573,1.8597506284714,1.8331537246704,1.8750954866409,1.8562486171722,1.8501570224762,1.8428022861481,1.8345506191254,1.8581600189209,1.8472945690155,1.8319486379623,1.9372775554657,1.8995131254196,1.8216880559921,1.8677130937576,1.8872232437134,1.8324512243271,1.8538254499435,1.8528921604156,1.8730007410049,1.8963712453842,1.8922605514526,1.9232792854309,1.9050675630569,1.8640384674072,1.8427418470383,1.9042558670044,1.8779866695404,1.8465707302094,1.8108580112457,1.8573915958405,1.8647280931473,1.8879189491272,1.8793100118637,1.9136103391647,1.8509984016418,1.8713974952698,1.8825665712357,1.7903988361359,1.8368611335754,1.8151322603226,1.8130215406418,1.8231999874115,1.8370440006256,1.8340814113617,1.8077502250671,1.821839094162,1.8387869596481,1.8234976530075,1.7700754404068,1.8043910264969,1.8518975973129,1.8097871541977,1.7956869602203,1.7713824510574,1.7549896240234,1.800795674324,1.8438528776169,1.8130035400391,1.7467656135559,1.7494897842407,1.8149924278259,