{"val_loss_history":[2.5801425383641,2.2704552375353,2.1129957730954,2.016276376981,1.9499236950508],"train_loss_history":[4.6176791191101,4.4857940673828,4.3048796653748,4.0681147575378,3.8201780319214,3.6495773792267,3.4883961677551,3.4008674621582,3.329353094101,3.2708477973938,3.2893698215485,3.3133578300476,3.2178230285645,3.2829246520996,3.3332214355469,3.2478361129761,3.2218995094299,3.2021327018738,3.2957921028137,3.2903950214386,3.2225077152252,3.17911195755,3.2224295139313,3.1890335083008,3.1570248603821,3.2592108249664,3.1703832149506,3.2044930458069,3.1908450126648,3.2350895404816,3.1615905761719,3.1715967655182,3.1508221626282,3.2147529125214,3.1454672813416,3.1308164596558,3.1554369926453,3.118093252182,3.1299035549164,3.1062698364258,3.1317489147186,3.1841790676117,3.1231746673584,3.133229970932,3.1458659172058,3.0803005695343,3.1079959869385,3.0716342926025,3.0647008419037,3.0778646469116,3.0117423534393,3.0161063671112,2.9635772705078,3.0576462745667,3.0251033306122,3.0000913143158,3.0251579284668,2.9857993125916,2.9259684085846,2.9946851730347,2.9600219726562,2.9518041610718,2.978536605835,2.9306614398956,2.9321193695068,2.8823194503784,2.8659839630127,2.8832590579987,2.8645992279053,2.894570350647,2.8240356445312,2.8302717208862,2.792905330658,2.8077216148376,2.8021590709686,2.755695104599,2.7357354164124,2.8222908973694,2.7728676795959,2.7534546852112,2.7294931411743,2.7826795578003,2.6776874065399,2.6801283359528,2.6881065368652,2.6193835735321,2.7204251289368,2.5854740142822,2.6054584980011,2.5907917022705,2.6080701351166,2.5943298339844,2.6328806877136,2.595468044281,2.6084272861481,2.5339460372925,2.5484368801117,2.5070104598999,2.5932273864746,2.5651404857635,2.5806403160095,2.504435300827,2.5702180862427,2.5394859313965,2.5616261959076,2.5277538299561,2.5311381816864,2.487398147583,2.5023548603058,2.4548032283783,2.4447803497314,2.517650604248,2.4749512672424,2.4391446113586,2.4597289562225,2.4410939216614,2.4600458145142,2.372193813324,2.4196035861969,2.4589555263519,2.3750858306885,2.4153881072998,2.3829493522644,2.4061810970306,2.3847899436951,2.3669395446777,2.3549406528473,2.3905692100525,2.473326921463,2.5123491287231,2.3495936393738,2.3516521453857,2.4001536369324,2.3953669071198,2.3549256324768,2.3063313961029,2.3518621921539,2.3838074207306,2.3435549736023,2.3996350765228,2.3535971641541,2.3209335803986,2.3479771614075,2.3910794258118,2.3628273010254,2.4591815471649,2.3900451660156,2.3407688140869,2.280898809433,2.3968963623047,2.3016068935394,2.3409421443939,2.303790807724,2.3260004520416,2.2795350551605,2.2731115818024,2.2402265071869,2.2795903682709,2.3008184432983,2.2873065471649,2.2709538936615,2.2612280845642,2.27561378479,2.2803993225098,2.2889497280121,2.2686402797699,2.2924244403839,2.253888130188,2.3302369117737,2.2328546047211,2.2576658725739,2.2523837089539,2.2212567329407,2.2372272014618,2.2164986133575,2.2367725372314,2.2406535148621,2.1813669204712,2.2186686992645,2.2349009513855,2.2447168827057,2.2766189575195,2.2210419178009,2.2777082920074,2.2001142501831,2.2215225696564,2.2844998836517,2.1863090991974,2.1715285778046,2.1937532424927,2.2167141437531,2.1551842689514,2.2411661148071,2.183057308197,2.2358145713806,2.2231478691101,2.2115759849548,2.2150132656097,2.2528319358826,2.1418220996857,2.2288868427277,2.2332758903503,2.2134988307953,2.185106754303,2.1835701465607,2.1368544101715,2.1736006736755,2.1952166557312,2.1783401966095,2.2084999084473,2.2121121883392,2.2091677188873,2.1906249523163,2.1432018280029,2.1489117145538,2.1700432300568,2.1934645175934,2.1217164993286,2.2208440303802,2.1255629062653,2.1098816394806,2.1597566604614,2.1083996295929,2.119788646698,2.1571969985962,2.1820611953735,2.108811378479,2.0758266448975,2.1125540733337,2.121511220932,2.1246736049652,2.1770324707031,2.2262356281281,2.1301836967468,2.1464951038361,2.14830493927,2.175434589386,2.0772256851196,2.1560699939728,2.1262967586517,2.0841512680054,2.137021780014,2.1343178749084,2.1311025619507,2.1837043762207,2.1616258621216,2.1692047119141,2.1309790611267,2.1262233257294,2.1207454204559,2.1256909370422,2.0948646068573,2.0804829597473,2.0928375720978,2.1019179821014,2.0876412391663,2.0800614356995,2.1814196109772,2.106748342514,2.0976581573486,2.140673160553,2.1755392551422,2.1510286331177,2.1094810962677,2.0875372886658,2.1299364566803,2.1017670631409,2.1689949035645,2.099020242691,2.1509237289429,2.0677032470703,2.0638704299927,2.0733160972595,2.0701422691345,2.1147923469543,2.1426141262054,2.1792869567871,2.0369348526001,2.0809125900269,2.0376005172729,2.062490940094,2.0933289527893,2.0739443302155,2.0288414955139,2.0721518993378,2.0734012126923,2.0491240024567,2.1053440570831,2.0691232681274,2.0851304531097,2.0487279891968,2.0959587097168,2.1258058547974,2.050728559494,2.0467472076416,1.9913822412491,2.1069808006287,2.1273560523987,2.0861961841583,2.0464885234833,2.1110990047455,2.0669198036194,2.0958077907562,2.119722366333,2.045768737793,2.0818202495575,2.044805765152,2.0116229057312,2.0673067569733,2.0641074180603,2.0454618930817,2.0442335605621,2.0432240962982,2.0172038078308,2.024956703186,2.0820252895355,2.0205590724945,2.0004739761353,2.0490307807922,2.0299651622772,1.9789316654205,2.0518295764923,2.0214374065399,1.9830677509308,2.0236012935638,1.995334982872,2.0602297782898,2.0862383842468,2.0241951942444,2.0202696323395,2.0115668773651,2.0252013206482,2.0663168430328,2.0080919265747,2.0394957065582,2.005218744278,2.0844285488129,1.9912641048431,2.0760388374329,1.9874665737152,1.9980568885803,2.0238835811615,1.9996279478073,1.9881304502487,2.0010511875153,2.0073118209839,1.9891152381897,1.9875625371933,2.0061852931976,2.0001068115234,1.990780711174,2.0021753311157,2.0544462203979,1.9268223047256,1.9746069908142,2.0002446174622,1.9393200874329,1.9978073835373,2.0027074813843,1.920884013176,1.9356064796448,2.0104641914368,1.9676480293274,1.8876355886459,1.9856753349304,1.939472079277,1.9627562761307,2.0213854312897,1.9801774024963,1.9856499433517,1.9706970453262,1.9673146009445,1.9919013977051,1.9614052772522,1.9778730869293,1.9778807163239,1.9602837562561,2.0301148891449,1.95567715168,1.993291258812,1.9552879333496,1.9678391218185,1.9794952869415,1.9807052612305,1.9629687070847,1.9933042526245,1.9793478250504,1.9428331851959,2.0368485450745,1.9856164455414,1.917578458786,1.9101657867432,1.9929348230362,1.9122492074966,1.9724562168121,1.9580457210541,1.9487454891205,1.9073685407639,1.9497966766357,1.9677321910858,1.988357424736,1.9417388439178,1.976337313652,1.9445512294769,1.9948258399963,1.9188832044601,1.9746081829071,1.9657193422318,1.9743254184723,1.97609770298,1.9360311031342,1.9204671382904,2.0065820217133,1.9617959260941,1.9437264204025,2.0063576698303,1.9172736406326,2.005010843277,1.8789377212524,1.9578689336777,1.9896546602249,1.8933453559875,1.9799363613129,1.9615218639374,1.9980591535568,1.9685724973679,1.8935253620148,1.9227685928345,1.9561293125153,1.9945955276489,1.9332201480865,1.9582440853119,1.9763505458832,1.9394853115082,1.9079117774963,1.8834149837494,1.8933591842651,1.9956737756729,1.9778982400894,1.9334027767181,1.9111309051514,1.9360284805298,1.8801585435867,1.9252418279648,1.9313826560974,1.9543622732162,1.8854964971542,1.9116789102554,1.8804357051849,1.9028421640396,1.9455163478851,1.9492599964142,1.9268386363983,1.9233156442642,1.8576085567474,1.9408439397812,1.8970267772675,1.9021363258362,1.9199956655502,1.9434114694595,1.9335685968399,1.9190849065781,1.9157112836838,1.8792797327042,1.9327120780945,1.9189085960388,1.9193133115768,1.912021279335,1.9235314130783,1.9361642599106,1.9081162214279,1.8849105834961,1.8816012144089,1.8968915939331,1.8806816339493,1.8878668546677,1.8725399971008,1.8847779035568,1.8710622787476,1.9052599668503,1.8581084012985,1.8648642301559,1.9303345680237,1.9261385202408,1.8906555175781,1.812175989151,1.9158047437668,1.8862316608429,1.9252595901489,1.8659734725952,1.8658148050308,1.8811937570572,1.8907300233841,1.8404482603073,1.8883826732635,