{"val_loss_history":[2.5801425383641],"train_loss_history":[4.6176791191101,4.4857940673828,4.3048796653748,4.0681147575378,3.8201780319214,3.6495773792267,3.4883961677551,3.4008674621582,3.329353094101,3.2708477973938,3.2893698215485,3.3133578300476,3.2178230285645,3.2829246520996,3.3332214355469,3.2478361129761,3.2218995094299,3.2021327018738,3.2957921028137,3.2903950214386,3.2225077152252,3.17911195755,3.2224295139313,3.1890335083008,3.1570248603821,3.2592108249664,3.1703832149506,3.2044930458069,3.1908450126648,3.2350895404816,3.1615905761719,3.1715967655182,3.1508221626282,3.2147529125214,3.1454672813416,3.1308164596558,3.1554369926453,3.118093252182,3.1299035549164,3.1062698364258,3.1317489147186,3.1841790676117,3.1231746673584,3.133229970932,3.1458659172058,3.0803005695343,3.1079959869385,3.0716342926025,3.0647008419037,3.0778646469116,3.0117423534393,3.0161063671112,2.9635772705078,3.0576462745667,3.0251033306122,3.0000913143158,3.0251579284668,2.9857993125916,2.9259684085846,2.9946851730347,2.9600219726562,2.9518041610718,2.978536605835,2.9306614398956,2.9321193695068,2.8823194503784,2.8659839630127,2.8832590579987,2.8645992279053,2.894570350647,2.8240356445312,2.8302717208862,2.792905330658,2.8077216148376,2.8021590709686,2.755695104599,2.7357354164124,2.8222908973694,2.7728676795959,2.7534546852112,2.7294931411743,2.7826795578003,2.6776874065399,2.6801283359528,2.6881065368652,2.6193835735321,2.7204251289368,2.5854740142822,2.6054584980011,2.5907917022705,2.6080701351166,2.5943298339844,2.6328806877136,2.595468044281,2.6084272861481,2.5339460372925,2.5484368801117,2.5070104598999,2.5932273864746,2.5651404857635],"val_loss_history_it":[100],"opt":{"speed_benchmark":0,"init_from":"","input_h5":"vernedata\/MERGED.h5","reset_iterations":1,"checkpoint_every":100,"seq_length":50,"grad_clip":5,"lr_decay_factor":0.5,"max_epochs":5,"lr_decay_every":5,"wordvec_size":64,"num_layers":2,"gpu_backend":"cuda","learning_rate":0.002,"batchnorm":0,"gpu":-1,"checkpoint_name":"checkVerneEvery100\/checkpoint","dropout":0,"rnn_size":128,"batch_size":50,"memory_benchmark":0,"model_type":"lstm","print_every":100,"input_json":"vernedata\/MERGED.json"},"i":100,"memory_usage":{},"forward_backward_times":{}}